ticker,year,quarter,lt_trade_receivables,gross_profit,st_liabilities,fin_leased_fixed_assets,cashneq,st_trade_accounts_payable,eps,changes_in_sale_securities,invest_in_oe,st_trade_accounts_receivable,lt_trade_payables,repaym_of_fin_leases,lt_advances_from_customers,st_advances_from_customers,share_of_associates_n_joint_ventures_result,profit_before_tax,st_invest,interest_paid,net_cf_from_operation,st_loan_receivables,lt_provision_for_invest,pnl_from_invest,share_premium,allocation_of_goodwill,olt_liabilities,eat_of_parent_company,ebt,operating_profit,interest_income_n_dividends,changes_in_inventories,inventories,preferred_stock,receipts_from_disposal_of_fixed_assets_n_olt_assets,receipts_from_equity_issue_n_cap_contri,fin_income,invest_in_associates_or_joint_ventures,st_assets,provisions,deferred_tax_exps,invest_in_subsidiaries,fixed_assets,st_provision_for_liabilities,paym_for_invest_in_oe,tangible_fixed_assets,deduction_revenue,other_funds_from_owners_equity,minoritys_interest,taxes_n_other_payables_to_gov,ost_receivables,cash_n_equiv_at_end_period,loans_purchases_of_other_debt_instruments,trading_securities,st_prepayments_to_suppliers,payable_to_employees,proceeds_from_borrowings,liabilities,lt_provision_for_doubtful_debts,pnl_foreign_exchange,st_borrowings_n_fin_leases,corp_income_tax_paid,depre_fixed_assets_n_properties_invest,other_income,receipts_from_loan_repay_n_sale_of_debt_instruments,owners_equity,sell_exps,lt_held_to_maturity_invest,cf_from_operation,other_profit,changes_in_receivables,lt_acrrued_exps,other_paym_for_operation,lt_prepayments_to_suppliers,st_held_to_maturity_invest,lt_borrowings_n_fin_leases,cogs,paym_for_share_repurchases,general_n_admin_exps,lt_provision_for_liabilities,st_provision_for_doubtful_debts,undistributed_eat,operating_profit_before_changes_in_wc,fin_exps,lt_assets,intangible_fixed_assets,st_acrrued_exps,lt_liabilities,cash_n_equiv_at_begin_period,st_inter_company_receivables,provision_for_trading_secutities,other_cap_of_owners,ost_payables,other_exps,fund_for_tech_dev,net_cf_during_period,ost_assets,total_assets,net_cf_from_invest,lt_receivables,curr_tax_exps,provision_for_inventories,lt_assets_in_progress,olt_receivables,treasury_shares,invest_properties,cash,st_receivables,olt_assets,revenue,lt_loan_receivables,lt_unearned_revenue,lt_invest,cf_from_fin,bonus_n_welfare_fund,cf_from_invest,paym_for_fixed_assets_n_construct_n_olt_assets,net_revenue,convertible_bonds,net_cf_from_fin,eat,principal_repaym,interest_exps,pnl_from_disposal_fixed_assets,st_unearned_revenue,taxes_n_other_receivables_to_gov,casheq,other_receipts_from_operation,changes_in_prepaid_exps,olt_invest,owners_cap,collections_on_invest_in_oe,dividends_paid_to_owners,dividends_n_interest_n_profit_received,changes_in_payables
hag,2018,4,,223916937000.0,13893277055000.0,,337744709000.0,476300586000.0,-273.0,,16313871000.0,2976394171000.0,,,,2403570689000.0,27466668000.0,82178018000.0,,-954007746000.0,-2989158674000.0,724888836000.0,,,3263858784000.0,,986991727000.0,-253287189000.0,-344428979000.0,-195190213000.0,,-204048807000.0,1495654668000.0,,323976516000.0,,210914640000.0,2772693461000.0,10060599985000.0,982006378000.0,33196751000.0,,10554520405000.0,,-7783830000.0,10493756035000.0,,,-124923581000.0,59351726000.0,668623334000.0,337744709000.0,-3041376766000.0,,457339010000.0,67209965000.0,-4132930823000.0,31613656394000.0,,75980415000.0,7013438291000.0,-54584467000.0,,32208387000.0,3903352004000.0,16677841716000.0,47538707000.0,,,-149238766000.0,-1112257030000.0,1546406554000.0,-2231680000.0,,,14803704081000.0,818856495000.0,9171629861000.0,291322539000.0,5733366000.0,-33490297000.0,-161527905000.0,1664764769000.0,318627212000.0,38230898125000.0,60764370000.0,2599503863000.0,17720379339000.0,141473491000.0,,,,1273609362000.0,181447153000.0,,196271218000.0,3433445554000.0,48291498110000.0,-1853269146000.0,6605722275000.0,585040000.0,-1977573000.0,13760835667000.0,329400263000.0,-686640000.0,37104803000.0,337744709000.0,4793755054000.0,4483707643000.0,,6276322012000.0,,2789007332000.0,,63906000.0,,-3972873349000.0,1042773432000.0,,5038699038000.0,-378210770000.0,,326116098000.0,,228667000.0,11667485000.0,,,3131505406000.0,,9274679470000.0,85963757000.0,,855472522000.0,-5458299119000.0
hag,2018,3,,862212558000.0,12611823044000.0,,847689600000.0,445064045000.0,435.0,,8530041000.0,3247406579000.0,,,,2487133952000.0,50714031000.0,519770551000.0,,-684525170000.0,-808123874000.0,963830133000.0,,,3263858784000.0,,1258259943000.0,403177008000.0,392432189000.0,947664047000.0,,-252027321000.0,1472692539000.0,,226566609000.0,,740394810000.0,2755640550000.0,7460985331000.0,708575293000.0,8258728000.0,,10552075665000.0,,75550000000.0,10488769005000.0,,,-25535237000.0,101328225000.0,652624662000.0,847689600000.0,-2496775153000.0,,239120236000.0,85433867000.0,-2403242676000.0,31335493182000.0,,94893076000.0,5790088262000.0,-28331582000.0,,7310593000.0,2945897594000.0,17021866174000.0,50524467000.0,,,-555231858000.0,2127590206000.0,1851415432000.0,-1169998000.0,,,15269492080000.0,658396633000.0,5277577227000.0,212467198000.0,5746866000.0,-28942631000.0,155124173000.0,1634128218000.0,442665687000.0,40896374025000.0,63306660000.0,2073618804000.0,18723670138000.0,141473491000.0,,,,1628609301000.0,562542451000.0,,706216109000.0,66564213000.0,48357359356000.0,-1359994568000.0,6651912103000.0,6531690000.0,-12524350000.0,16463927849000.0,162389147000.0,-686640000.0,37414662000.0,847689600000.0,5074038979000.0,4426873155000.0,,6489522956000.0,,2764170591000.0,,546588000.0,,-2877028416000.0,1520609191000.0,,2874334551000.0,377641771000.0,,407529415000.0,,,8443300000.0,,,-185097744000.0,,9274679470000.0,,,765794798000.0,-3418690483000.0
hag,2018,2,,973087687000.0,13673221225000.0,,230331519000.0,890198370000.0,-15.0,,10507903000.0,3431905894000.0,,,,4077583803000.0,1517612000.0,145052981000.0,,-498774696000.0,1278164252000.0,1389349418000.0,,,3263858784000.0,,867191688000.0,-13671755000.0,112648747000.0,247026256000.0,,-199373600000.0,1405964154000.0,,173675222000.0,,172511322000.0,275128276000.0,8002268952000.0,494798994000.0,31608169000.0,,12778941085000.0,,2550000000.0,11447911631000.0,,,97029084000.0,254215184000.0,1327477483000.0,230331519000.0,-359580472000.0,,182617531000.0,96193132000.0,-1259528292000.0,36851170734000.0,,51938081000.0,2964890875000.0,-3932153000.0,,7363219000.0,92091939000.0,18255160686000.0,56429948000.0,20000000.0,,-134377509000.0,856310006000.0,1777225413000.0,-11998000.0,,,20196325351000.0,921176001000.0,1545654307000.0,354836597000.0,5997074000.0,-33602434000.0,410979523000.0,1123441264000.0,488823820000.0,47104062468000.0,1331029454000.0,1796796868000.0,23177949509000.0,141473491000.0,,,,3592796405000.0,141740728000.0,,88858028000.0,68225387000.0,55106331420000.0,-1475432239000.0,9328624853000.0,-2316751000.0,-9178172000.0,16609052543000.0,1961595516000.0,-686640000.0,3201065920000.0,230331519000.0,6297747892000.0,4900721888000.0,1894263688000.0,7367029337000.0,,285656179000.0,,546588000.0,,-1434414949000.0,1894263688000.0,,286126015000.0,83357329000.0,,429046666000.0,,,8938673000.0,,,-291812840000.0,,9274679470000.0,,,50246021000.0,292318269000.0
hag,2018,1,,479073136000.0,11843035829000.0,,107320055000.0,1141690665000.0,3.0,,10507903000.0,2954455298000.0,,,,3848084898000.0,-14056924000.0,32404234000.0,,-101060075000.0,115528151000.0,1215983226000.0,,,3263858784000.0,,1197590859000.0,2608030000.0,32404234000.0,137538340000.0,,-282358110000.0,1443124839000.0,,188081474000.0,,265154784000.0,273555637000.0,7049204781000.0,232033752000.0,-24354498000.0,,11730082231000.0,,,10246222796000.0,,,54035265000.0,217379140000.0,1077139516000.0,107320055000.0,-116172895000.0,,191375200000.0,90794092000.0,915919454000.0,34812158473000.0,,-2581109000.0,2359676885000.0,,,2533634000.0,32730373000.0,18284675897000.0,39778009000.0,20000000.0,,-105134106000.0,1882494765000.0,1224319754000.0,-37480000.0,,,20237073608000.0,547708547000.0,,156771933000.0,6010366000.0,-22347919000.0,360763918000.0,392095612000.0,396082714000.0,46047629589000.0,1483859435000.0,1325321753000.0,22969122644000.0,141473491000.0,,,,2859567290000.0,107667740000.0,,-34153436000.0,82154566000.0,53096834370000.0,-383171849000.0,8692112099000.0,115437000.0,-7645681000.0,17306609278000.0,1696678813000.0,-686640000.0,3199441866000.0,107320055000.0,5416605321000.0,4835300575000.0,1026781683000.0,6995433286000.0,,284083540000.0,,521106000.0,,-539253033000.0,1026781683000.0,,233490262000.0,56643295000.0,-682429192000.0,376643990000.0,,,7884029000.0,,,-181811175000.0,,9274679470000.0,2550000000.0,,48892232000.0,-1593795386000.0
hag,2018,-1,,2374705174000.0,13136735456000.0,,337736719000.0,473908598000.0,127.0,,16313871000.0,2976376936000.0,,,,2411088952000.0,64840488000.0,47696838000.0,,-971481036000.0,-2917676442000.0,724888836000.0,,,3263858784000.0,,980019908000.0,117506769000.0,47696838000.0,940878373000.0,,-695030279000.0,1397223406000.0,,531497895000.0,,1404799179000.0,2771892520000.0,6567906781000.0,1137274221000.0,38454058000.0,,10732352612000.0,,-7783830000.0,10671588242000.0,,,-111262364000.0,57716523000.0,656027274000.0,337736719000.0,-3041376766000.0,,427114472000.0,67209973000.0,7594866696000.0,31300554930000.0,,44675852000.0,6949803327000.0,-54584465000.0,,21546363000.0,3903352004000.0,16810886686000.0,192446215000.0,,,-893181535000.0,1511655755000.0,2029868704000.0,-1758964000.0,,,14803739630000.0,3013495226000.0,,989336089000.0,5733366000.0,-37286654000.0,-36434976000.0,1346587061000.0,1721684164000.0,41543534835000.0,60764370000.0,2045910162000.0,18163819474000.0,141473491000.0,,,,1130795710000.0,914727898000.0,,196263228000.0,85825792000.0,48111441616000.0,-353583203000.0,6531099389000.0,2998375000.0,-11970940000.0,16910792900000.0,342673458000.0,-686640000.0,37104803000.0,337736719000.0,4747120864000.0,4543978740000.0,,6188425931000.0,,2788206391000.0,,73544000.0,,-2597907012000.0,5388200400000.0,,3467522873000.0,6244405000.0,-4127343823000.0,1532928450000.0,,228667000.0,10030825000.0,,,-215749814000.0,,9274679470000.0,74975161000.0,,783659345000.0,-3837314700000.0
hag,2017,4,,588469715000.0,12031029128000.0,,141082424000.0,944051909000.0,,,10507903000.0,2105492876000.0,,,,3598098546000.0,-13071382000.0,,,,,3819416925000.0,,,3263858784000.0,,1493215288000.0,-58537686000.0,9828341000.0,131483155000.0,,,1244935201000.0,,,,143198648000.0,858393855000.0,8739143586000.0,,3369021000.0,,9789427742000.0,,,8458446498000.0,15190000.0,,61901604000.0,217774047000.0,733707139000.0,,,,652704253000.0,83480060000.0,,35156357148000.0,,,3033923259000.0,,,62111893000.0,,18288141651000.0,50060174000.0,20000000.0,,-121654814000.0,,1218024076000.0,,,,19786224518000.0,571673300000.0,,155776099000.0,363763120000.0,-28938035000.0,1274963503000.0,,381277553000.0,44705355213000.0,1330981244000.0,549336499000.0,23125328020000.0,,,,,3595914395000.0,183766707000.0,,,70742803000.0,53444498799000.0,,9064876946000.0,3095402000.0,-14620139000.0,18152867020000.0,2013675049000.0,-686640000.0,3210064249000.0,141082424000.0,7282383158000.0,3619197498000.0,1160158205000.0,7051201897000.0,,868921758000.0,,437742000.0,,,1160143015000.0,,,3363918000.0,,387041472000.0,,8012671000.0,7370516000.0,,,,,9274679470000.0,,,,
hag,2017,3,,416578885000.0,11443382451000.0,,219902564000.0,1114957339000.0,108.0,,10507903000.0,1832152787000.0,,,,3590471674000.0,5075089000.0,,,,,3149083782000.0,,,3263858784000.0,,1346897322000.0,103713005000.0,169923760000.0,176600499000.0,,,1181278161000.0,,,,294502161000.0,871465237000.0,7938021572000.0,,11974561000.0,,9625994830000.0,,,8337888112000.0,11855000.0,,54306091000.0,156098525000.0,859317661000.0,,,,650646104000.0,113082254000.0,,34670188220000.0,,,2795759633000.0,,,125750906000.0,,18140165246000.0,32694527000.0,20000000.0,,-6676739000.0,,918281298000.0,,,,20364462753000.0,1105132789000.0,,175506568000.0,351984049000.0,-28144521000.0,1396850360000.0,,331354541000.0,44872331894000.0,1288106718000.0,434020453000.0,23226805769000.0,,,,,3230580563000.0,132427645000.0,,,73785034000.0,52810353466000.0,,9116187506000.0,-69897000.0,-14516702000.0,18180948270000.0,732258990000.0,-686640000.0,3334207524000.0,219902564000.0,6463055813000.0,3733000624000.0,1521723529000.0,8383928516000.0,,881993140000.0,,485891000.0,,,1521711674000.0,,,158019096000.0,,325774254000.0,,7926119000.0,1820572000.0,,,,,9274679470000.0,,,,
hag,2017,2,,676448558000.0,11011540209000.0,,1619141773000.0,1308446258000.0,961.0,,10507902000.0,2246928987000.0,,,,3602701516000.0,12462407000.0,,,,,2446886008000.0,,,3263858784000.0,,1003210708000.0,795075159000.0,1006929534000.0,1013791783000.0,,,1131639935000.0,,,,1167792513000.0,866409939000.0,10582697320000.0,,-119372990000.0,,9732401192000.0,,,8396802161000.0,,,325459777000.0,248344584000.0,2035507947000.0,,,,1069378024000.0,79838205000.0,,34288360487000.0,,,3769810326000.0,,,58999003000.0,,18798645807000.0,96130952000.0,20000000.0,,-6862249000.0,,397955540000.0,,,,21328949823000.0,973619525000.0,,213934866000.0,312236082000.0,-29075643000.0,1564856349000.0,,532845877000.0,42504308974000.0,1335599031000.0,613061238000.0,23276820278000.0,,,,,1382021538000.0,65861252000.0,,,62290289000.0,53087006294000.0,,7331447465000.0,5767588000.0,-26391987000.0,17296498219000.0,1300314050000.0,-686640000.0,3468179364000.0,1619141773000.0,7769625323000.0,3798844893000.0,1650068083000.0,6031133415000.0,,876937841000.0,,556334000.0,,,1650068083000.0,,,1120534936000.0,,485479273000.0,,6760210000.0,14305889000.0,,,,,9274679470000.0,,,,
hag,2017,1,,218923543000.0,11831263835000.0,,209295185000.0,1492603925000.0,7.0,,12101903000.0,1900880899000.0,,,,3549164522000.0,-11818498000.0,8480943000.0,,-328150479000.0,254436433000.0,2819983988000.0,,,3539078784000.0,,993360823000.0,5842119000.0,8480943000.0,-31741051000.0,,61316536000.0,1359439105000.0,,185924471000.0,,145866503000.0,853947532000.0,10551688370000.0,174000561000.0,-26737308000.0,,8230939509000.0,,,6886928496000.0,,,10538396000.0,214562098000.0,1941810584000.0,209295185000.0,-184925700000.0,,1168538926000.0,67737452000.0,378275244000.0,34426129135000.0,,-2747519000.0,4916064237000.0,-2024910000.0,,47476678000.0,58805000000.0,16375025360000.0,29831315000.0,20000000.0,,40221994000.0,182894971000.0,191214558000.0,-287393000.0,,,20868706125000.0,605090667000.0,,101887266000.0,277033672000.0,-28144520000.0,1396997246000.0,245257942000.0,252994018000.0,40249466125000.0,1344011013000.0,653331891000.0,22594865300000.0,791208293000.0,,,,927101270000.0,7254684000.0,,-581913108000.0,1179884203000.0,50801154495000.0,-771274617000.0,5496886353000.0,18837736000.0,-32962424000.0,18145338935000.0,440710177000.0,-686640000.0,3485523219000.0,209295185000.0,7803069877000.0,4024708674000.0,824014210000.0,5056176176000.0,,866069435000.0,,3938230000.0,,-841702931000.0,824014210000.0,,-65074924000.0,16380515000.0,-443350168000.0,251239838000.0,,6760210000.0,5424444000.0,,,-64240858000.0,,7899679470000.0,,,10624543000.0,159670624000.0
hag,2017,-1,,1731542077000.0,12378346271000.0,,141473491000.0,970327536000.0,80.0,,10507903000.0,2166131406000.0,,,,3595954762000.0,-18433513000.0,430145293000.0,,-714949467000.0,1014522675000.0,3969777546000.0,,,3263858784000.0,,1269645155000.0,69588012000.0,430145293000.0,829621123000.0,,-211051664000.0,1118852515000.0,,475594760000.0,2450000000.0,1665916448000.0,847332517000.0,8815052625000.0,1054629884000.0,33735757000.0,,9921066056000.0,,,8590084812000.0,,,302019303000.0,198214334000.0,756477238000.0,141473491000.0,-7208649956000.0,,611144225000.0,83448891000.0,4119461254000.0,35274154978000.0,,60022958000.0,2528863856000.0,-4591515000.0,1054629884000.0,267202683000.0,2988905798000.0,17787972678000.0,143923122000.0,20000000.0,,-399475830000.0,515795384000.0,987071192000.0,-316303000.0,477204000.0,,20296209849000.0,3109682997000.0,,707548329000.0,5940994000.0,-21721909000.0,702809115000.0,1421004923000.0,1697932438000.0,44247075031000.0,1330981244000.0,1231386531000.0,22895808707000.0,794326175000.0,,,,3755607293000.0,666678513000.0,,-480746836000.0,72918113000.0,53062127656000.0,-2561827694000.0,8887895570000.0,24802221000.0,-7645680000.0,17750120892000.0,935439558000.0,-686640000.0,3210064249000.0,141473491000.0,7481808506000.0,3620067844000.0,4841225074000.0,7951978808000.0,,857860420000.0,,558586000.0,,-1454631442000.0,4841225074000.0,,1066558183000.0,371607315000.0,-3055353071000.0,1585315746000.0,,13984482000.0,6014158000.0,,,-767137982000.0,,9274679470000.0,1517118217000.0,,1119834929000.0,775769299000.0
hag,2016,4,,235900373000.0,13883317520000.0,,794085316000.0,1711070056000.0,-157.0,,12101902000.0,2276106307000.0,,,,3614992839000.0,14872208000.0,-1394975847000.0,,-1410055867000.0,3446951061000.0,2812512127000.0,,,3539078784000.0,,1000344226000.0,-124018727000.0,-207013402000.0,-22466637000.0,,1678357576000.0,1983395937000.0,,1763438567000.0,2792000000000.0,176614983000.0,854553495000.0,10599895568000.0,701366909000.0,-42256999000.0,,9636361153000.0,,-4604707936000.0,8284999060000.0,4181665000.0,,-22398904000.0,186592984000.0,1598964203000.0,794085316000.0,-3562540450000.0,,1099346421000.0,72184908000.0,9000217885000.0,36103030255000.0,,40983929000.0,6572320725000.0,-25424754000.0,,78523146000.0,4404217893000.0,16912541772000.0,37024356000.0,20000000.0,,-184546765000.0,608868921000.0,,-3723535000.0,,,20794258130000.0,1307209806000.0,-313000000000.0,15814499000.0,6168930000.0,-13764206000.0,1484796595000.0,219358181000.0,397015346000.0,42415676459000.0,1351362093000.0,788085251000.0,22219712735000.0,967966695000.0,,,,937512111000.0,263069911000.0,,-173881379000.0,49249463000.0,53015572027000.0,-5230710401000.0,5345866853000.0,-18338772000.0,-2755431000.0,19042696754000.0,214963631000.0,-686640000.0,3510539209000.0,794085316000.0,7773164852000.0,4013537093000.0,1547291844000.0,5130903222000.0,,866675397000.0,,558646000.0,,-4176271980000.0,1543110179000.0,,1609877961000.0,-146417631000.0,-9869339924000.0,382066557000.0,,,5497776000.0,,,-2676242000.0,,7899679470000.0,590249322000.0,,354904183000.0,2382246781000.0
hag,2016,3,,185637521000.0,19809551666000.0,,889476060000.0,1291817469000.0,-43.0,,12101902000.0,3040356423000.0,,,,3096081159000.0,-3671293000.0,-1187962445000.0,,-642697952000.0,1856951563000.0,5018208374000.0,,,3539078784000.0,,972291694000.0,-33927461000.0,-69502492000.0,-110596011000.0,,1368225492000.0,1930643007000.0,,1151463446000.0,2792000000000.0,240298933000.0,839681287000.0,13092099960000.0,442251949000.0,-1494755000.0,,8285405334000.0,,-1436127761000.0,6934001602000.0,387084000.0,,-43091272000.0,204695538000.0,1142812619000.0,889476060000.0,-2759883596000.0,,1138430733000.0,71461667000.0,5053174255000.0,34893366098000.0,,36632678000.0,12270903086000.0,-21597789000.0,,52927424000.0,1866428708000.0,17410484152000.0,35712941000.0,20000000.0,,41093519000.0,-429332474000.0,,-3116708000.0,,,13578658170000.0,1068082550000.0,,91989088000.0,6371999000.0,-110263758000.0,1608814989000.0,109082537000.0,405159143000.0,39211750290000.0,1351403732000.0,1419493472000.0,15083814432000.0,967966695000.0,,,,1453933802000.0,11833905000.0,,-78490635000.0,42436502000.0,52303850250000.0,-2840398540000.0,6331855585000.0,9010996000.0,-4480846000.0,17893262923000.0,115909854000.0,-686640000.0,4171716966000.0,889476060000.0,10229544391000.0,1677706293000.0,1254107155000.0,6215945731000.0,,851803189000.0,,1165473000.0,,-2750222522000.0,1253720071000.0,,904956342000.0,-77018733000.0,-6627217913000.0,377543211000.0,,,1521959000.0,,,56038706000.0,,7899679470000.0,295105080000.0,,792838105000.0,1420349751000.0
hag,2016,2,,314674444000.0,15581899307000.0,,1424306658000.0,1150431465000.0,-1149.0,,51301901000.0,2101655345000.0,,,,2008415646000.0,-9002406000.0,-1075330996000.0,,-305094655000.0,611724814000.0,3688747826000.0,,,3539078784000.0,,442849206000.0,-907865331000.0,-1162463160000.0,-220547846000.0,,709870215000.0,2586625680000.0,,1037970372000.0,2792000000000.0,289786180000.0,255891187000.0,11931482536000.0,313946448000.0,77665721000.0,,8042545931000.0,,-885560254000.0,6688043989000.0,800077000.0,,-336043034000.0,280261965000.0,1019136625000.0,1424306658000.0,-760219306000.0,,1165001382000.0,56353859000.0,3225703892000.0,33023339353000.0,,10765470000.0,10212360648000.0,-14394165000.0,,1244978000.0,724832375000.0,18152453658000.0,56396381000.0,20000000.0,,-941915314000.0,-4995557000.0,,-2542003000.0,,,16471509081000.0,1713378054000.0,,249276569000.0,6369773000.0,-107450967000.0,1887804644000.0,-37810295000.0,510333114000.0,39244310475000.0,1354501942000.0,1304425867000.0,17441440046000.0,967966695000.0,,,,567909679000.0,943160292000.0,,456339963000.0,53459987000.0,51175793011000.0,-1051792838000.0,6793251056000.0,3779484000.0,-8538525000.0,19274580511000.0,134352381000.0,-686640000.0,3125971168000.0,1424306658000.0,7867090211000.0,1700748721000.0,2028852575000.0,6658898675000.0,,307213088000.0,,1740178000.0,,-2173441118000.0,2028052498000.0,,896407987000.0,-1243908365000.0,-5121295905000.0,500226530000.0,,,2151780000.0,,,4614512000.0,,7899679470000.0,280105080000.0,,724520013000.0,262076762000.0
hag,2016,1,,295501397000.0,14563488130000.0,,1719734428000.0,1088812247000.0,88.0,,75938149000.0,1921527013000.0,,,,1980091691000.0,37844000.0,87132164000.0,119118900000.0,-225836465000.0,861455131000.0,3598742918000.0,,,3539078784000.0,,652139987000.0,69353036000.0,87132164000.0,105661158000.0,,33052658000.0,3598468484000.0,,112826734000.0,1652000000000.0,216847266000.0,252337484000.0,13968053065000.0,127605633000.0,-16399352000.0,,6181358221000.0,276435000.0,-862944145000.0,6074670791000.0,96817000.0,,21561440000.0,259355193000.0,1483220881000.0,1719734428000.0,-152046501000.0,,1404757048000.0,47274591000.0,2121417997000.0,34099801154000.0,,17624166000.0,9620961537000.0,-11616468000.0,,4598038000.0,282307199000.0,18060269988000.0,26540281000.0,20000000.0,,-18528994000.0,794855332000.0,,-3526846000.0,,119118900000.0,18486285757000.0,1676693985000.0,,76038506000.0,6092639000.0,-10543787000.0,2471167142000.0,299244641000.0,304146562000.0,38192018077000.0,106687430000.0,900854669000.0,19536313024000.0,967966695000.0,,,,665106432000.0,23127032000.0,,751767733000.0,133027180000.0,52160071142000.0,-1258428048000.0,5944437888000.0,12617040000.0,-1240414000.0,24069825478000.0,51191047000.0,-686640000.0,17076873000.0,1167253409000.0,8397704073000.0,1651023984000.0,1972292199000.0,5893246841000.0,,328295633000.0,,755335000.0,,-943314216000.0,1972195382000.0,,1148740650000.0,90914476000.0,-2624677347000.0,282266762000.0,,,1754211000.0,552481019000.0,,-31890164000.0,,7899679470000.0,255468830000.0,,49274051000.0,7172443000.0
hag,2016,-1,,1009140526000.0,12726074032000.0,,791208293000.0,1319409776000.0,-1439.0,,12101903000.0,1772653862000.0,,,,3546000509000.0,11710281000.0,-1406287691000.0,,-1417691509000.0,2176460345000.0,2034357256000.0,,,3539078784000.0,,1374575760000.0,-1136650486000.0,-1406287691000.0,-376471527000.0,,1293921678000.0,1789466577000.0,,1711964916000.0,2792000000000.0,947916097000.0,865766030000.0,9394220363000.0,774966464000.0,86187524000.0,,10017094697000.0,,-4604707935000.0,8664993197000.0,1249713000.0,,-366136192000.0,195748396000.0,1672681113000.0,791208293000.0,-3351481274000.0,,1316838516000.0,74235298000.0,4868173006000.0,36092409291000.0,,33309004000.0,5197619996000.0,-25424754000.0,774966464000.0,176199117000.0,4404445889000.0,16671060310000.0,169154415000.0,20000000.0,,-1029816164000.0,1119197170000.0,4222541000.0,-56558000.0,,,21444223544000.0,5430638742000.0,-313000000000.0,501564190000.0,277394425000.0,-28324520000.0,1412441015000.0,259880564000.0,1674519826000.0,43369249238000.0,1352101500000.0,846456575000.0,23366335259000.0,967966695000.0,,,,1535617649000.0,1206015281000.0,,-271820508000.0,45339266000.0,52763469601000.0,-3361757153000.0,6350659266000.0,10311463000.0,-32688105000.0,17983864412000.0,633288523000.0,-686640000.0,3510539222000.0,791208293000.0,6768206227000.0,4629203708000.0,6441028981000.0,5717370743000.0,,877887933000.0,,4225623000.0,,-3895058904000.0,6439779268000.0,,913476300000.0,-1502786678000.0,-6433696706000.0,1579381993000.0,,6760210000.0,11059171000.0,,,-120577118000.0,,7899679470000.0,2018359523000.0,,354720632000.0,1067210872000.0
hag,2015,4,,123565308000.0,12792219943000.0,,968617597000.0,1122965740000.0,-722.0,,75938149000.0,1606325546000.0,,,,1439315497000.0,-969544000.0,882958336000.0,,-931421477000.0,1523735261000.0,3644593513000.0,,,3539078784000.0,,552094943000.0,-566309704000.0,-554601685000.0,-128690356000.0,,-1919061533000.0,3649526873000.0,,791730867000.0,159000000000.0,232543476000.0,252299640000.0,13152918271000.0,372521906000.0,-66009327000.0,,6292444230000.0,274130000.0,-2350933813000.0,6177590256000.0,,,-22612060000.0,275267860000.0,1238924824000.0,968617597000.0,-6581690554000.0,,1920449006000.0,46545195000.0,15986135990000.0,32640966204000.0,,-115305562000.0,8001509044000.0,-109599491000.0,,14154840000.0,4476003816000.0,15963783253000.0,33206551000.0,20000000.0,,-425911329000.0,1176183839000.0,,-27754783000.0,,,19097705989000.0,925578733000.0,-2200000000.0,76054993000.0,6105839000.0,-9698415000.0,1939340391000.0,1666216631000.0,374568052000.0,35451831186000.0,114853974000.0,683868559000.0,19848746261000.0,978413817000.0,,,,1215916433000.0,440066169000.0,,-9796220000.0,134179327000.0,48604749457000.0,-10334088913000.0,6156448610000.0,100329406000.0,-5182807000.0,21290814896000.0,54807313000.0,-686640000.0,81725494000.0,968617597000.0,8400594474000.0,1302140167000.0,1049144041000.0,6101641297000.0,,328257789000.0,,6557485000.0,,-7947859600000.0,1049144041000.0,,8800557432000.0,-588921764000.0,-7342378558000.0,326388757000.0,,,1951013000.0,,,120717093000.0,,7899679470000.0,866639814000.0,,412020557000.0,1548454982000.0
hag,2015,3,,636841510000.0,13076044258000.0,,2079011827000.0,1136656956000.0,474.0,,75938149000.0,3242935409000.0,,,,2101425899000.0,-928619000.0,1512560021000.0,,-829145685000.0,1271593087000.0,1295925861000.0,,,3539078784000.0,,598492385000.0,377870630000.0,471685598000.0,471891173000.0,,-1746001020000.0,3448073565000.0,,404392831000.0,159000000000.0,313613736000.0,262062600000.0,13082986673000.0,261409557000.0,4067106000.0,,5525336525000.0,,-914418662000.0,5406156367000.0,,,51617287000.0,492356209000.0,1234854065000.0,2079011827000.0,-4610358938000.0,,1663306552000.0,53471303000.0,10864450845000.0,30722649466000.0,,,8598120897000.0,-73324189000.0,,4039203000.0,2661309261000.0,16881229260000.0,47598471000.0,20000000.0,,-205575000.0,-552969260000.0,,-19781185000.0,,,16851828229000.0,1531246477000.0,-2200000000.0,72149932000.0,6778189000.0,-4617133000.0,2765189929000.0,1590303997000.0,357887051000.0,34520892053000.0,119180158000.0,194045453000.0,17646605208000.0,978413817000.0,,,,480257424000.0,4244778000.0,,1100598010000.0,123496527000.0,47603878726000.0,-7460275238000.0,9403406382000.0,38130575000.0,,17663712814000.0,527652928000.0,-686640000.0,65704949000.0,2079011827000.0,7432404754000.0,1524710634000.0,2168087987000.0,8875753454000.0,,338020749000.0,,19710117000.0,,-5471239344000.0,2168087987000.0,,7289280161000.0,429487917000.0,-3731970684000.0,290502191000.0,,,7493667000.0,,,87551973000.0,,7899679470000.0,257890600000.0,,212149014000.0,2814958456000.0
hag,2015,2,,780482429000.0,12633935704000.0,,1467152785000.0,1372998645000.0,566.0,,75938149000.0,3393194794000.0,,,,1930065880000.0,,1030968283000.0,,-373833664000.0,1217698882000.0,1599184702000.0,,,3539078784000.0,,416374154000.0,460244491000.0,590649459000.0,761123646000.0,,-1468058743000.0,2836325988000.0,,393461165000.0,159000000000.0,371173329000.0,262969214000.0,12310460614000.0,158665821000.0,-12637402000.0,,5184183546000.0,,-900401676000.0,5064667189000.0,35528000.0,,66365505000.0,453714336000.0,1120493828000.0,1467152785000.0,-2709951225000.0,,1765238469000.0,64428555000.0,5691723472000.0,26850313733000.0,,,7834365912000.0,-70873708000.0,,5309313000.0,1465821754000.0,16025989291000.0,20073385000.0,20000000.0,,-170474187000.0,-516807456000.0,,-23943980000.0,,,13603676457000.0,1205180051000.0,-2200000000.0,102587783000.0,6821013000.0,-5262684000.0,2537720976000.0,966654229000.0,267870944000.0,30565842410000.0,119516357000.0,389409615000.0,14216378029000.0,978413817000.0,,,,568127594000.0,175783500000.0,,488738968000.0,134132732000.0,42876303024000.0,-4624036536000.0,7852280316000.0,76676865000.0,,15628695566000.0,512236939000.0,,65829959000.0,1467152785000.0,7872849109000.0,1495925660000.0,1985698008000.0,7340043377000.0,,338927363000.0,,20825167000.0,,-3199184939000.0,1985662480000.0,,3895076622000.0,526609996000.0,-1953446850000.0,240080738000.0,,,7496821000.0,,,145604275000.0,,7899679470000.0,203799000000.0,,122419385000.0,2558957929000.0
hag,2015,1,,433450270000.0,11896167049000.0,,932698338000.0,1861151838000.0,462.0,,36738150000.0,2953989357000.0,,,,1381528194000.0,,440318824000.0,,-248754411000.0,171914739000.0,1335603383000.0,,,3539078784000.0,,182567750000.0,365139811000.0,440318824000.0,283966623000.0,,-553800193000.0,2315756226000.0,,237893897000.0,,172931096000.0,328973882000.0,11090076734000.0,84874847000.0,-2548048000.0,,5137770105000.0,,-49079700000.0,5020623479000.0,,,7370697000.0,417760263000.0,,932698338000.0,-813063872000.0,,2273564753000.0,49132252000.0,2652130264000.0,25116786895000.0,,,7346505567000.0,-11668956000.0,,161125490000.0,63191515000.0,14798233998000.0,16393385000.0,20000000.0,,156352201000.0,-259332965000.0,,-14519763000.0,,,12822786458000.0,615809246000.0,-2200000000.0,62153713000.0,6808594000.0,-5290277000.0,2386068363000.0,307214160000.0,243867645000.0,28824944159000.0,117146626000.0,283680292000.0,13220619846000.0,978413817000.0,,,-147024909000.0,548207755000.0,4773289000.0,,-45715479000.0,176286869000.0,39915020893000.0,-2076657949000.0,7535630582000.0,70356364000.0,,14332882499000.0,443432456000.0,-686640000.0,65954969000.0,932698338000.0,7665335301000.0,1219507842000.0,1049259516000.0,7092198126000.0,,365732032000.0,,4097630000.0,,-1531147335000.0,1049259516000.0,,1859027731000.0,372510508000.0,-790902533000.0,219229843000.0,,4103258000.0,8875839000.0,,,73036567000.0,,7899679470000.0,600000000.0,,14947546000.0,879740300000.0
hag,2015,-1,,1854425962000.0,13212975900000.0,,967966695000.0,1123648086000.0,613.0,,75938149000.0,1607110089000.0,,,,1438433801000.0,-1898163000.0,806212213000.0,,-932571773000.0,1529305596000.0,3699988122000.0,,,3539078784000.0,,546724865000.0,502343207000.0,806212213000.0,1240905908000.0,,-1916001996000.0,3646452010000.0,,791534557000.0,159000000000.0,1053656518000.0,252299640000.0,13215916673000.0,372592068000.0,50302292000.0,,6287742157000.0,,-2350933815000.0,6176778419000.0,35528000.0,,100017738000.0,275400876000.0,1511776819000.0,967966695000.0,-6581690554000.0,,1661082955000.0,46519890000.0,15978713459000.0,32962668396000.0,,-115305562000.0,8297755147000.0,-109599492000.0,372592068000.0,180631718000.0,4476003816000.0,16265720282000.0,111239060000.0,20000000.0,,-434693695000.0,1169669226000.0,,-26760841000.0,,,18801459914000.0,4398020571000.0,-2200000000.0,350371742000.0,6379968000.0,-10089849000.0,2023903249000.0,1523578933000.0,1203667607000.0,36012472005000.0,110963738000.0,809388331000.0,19749692496000.0,978413817000.0,,,,1217547588000.0,615325413000.0,,-10447122000.0,131629832000.0,49228388678000.0,-10332887632000.0,6141903570000.0,153548976000.0,-5182807000.0,21458876315000.0,79895279000.0,-686640000.0,81725494000.0,967966695000.0,8469868136000.0,1713966680000.0,6252482061000.0,6062008291000.0,,328257789000.0,,4282181000.0,,-7946189324000.0,6252446533000.0,,8793134914000.0,602360945000.0,-7342378545000.0,1078711240000.0,,,2238777000.0,,,121084629000.0,,7899679470000.0,866639814000.0,,411747874000.0,1699906910000.0
hag,2014,4,,192564211000.0,9256557398000.0,,978411382000.0,652870974000.0,68.0,,,1593406139000.0,,,,508736007000.0,,1773977163000.0,81783240000.0,-545578244000.0,-464543348000.0,,,,3392053875000.0,,176545782000.0,53357536000.0,80347711000.0,106170538000.0,,-229068072000.0,2084921344000.0,,320556402000.0,,204092625000.0,463677182000.0,10112881970000.0,334181082000.0,-3633033000.0,,17886251643000.0,,-474444497000.0,5145616089000.0,66766000.0,,14061365000.0,284741479000.0,2888496630000.0,978411382000.0,-3617685894000.0,,2196363237000.0,44742526000.0,10848610347000.0,20978144658000.0,,,6839582565000.0,-89954177000.0,,2875587000.0,1676193127000.0,14238572809000.0,12870507000.0,,,-25822827000.0,-1530928195000.0,,-22474832000.0,,,11336584434000.0,462919088000.0,,83158424000.0,,-5300196000.0,2696951979000.0,1131884926000.0,194457367000.0,26256347980000.0,158330299000.0,303364459000.0,11721587260000.0,2448256022000.0,,,,,28698414000.0,,-1469844640000.0,294800194000.0,36369229950000.0,-5821215151000.0,5381835672000.0,16561843000.0,,,5381835672000.0,-686640000.0,14251121000.0,978411382000.0,6672965810000.0,1261914137000.0,655550065000.0,,,1538442660000.0,,,,-4450236893000.0,655483299000.0,,4815913859000.0,67418901000.0,-7128523446000.0,177920221000.0,,,14908992000.0,,,-33241771000.0,1074765478000.0,7899679470000.0,264517855000.0,-4173042000.0,459884749000.0,854817017000.0
hag,2014,3,,311841382000.0,6187731351000.0,,2277728564000.0,554355315000.0,1.0,,,1587290257000.0,,,,410900918000.0,,1693629452000.0,81783240000.0,-453017687000.0,-38545461000.0,,,,3539078784000.0,,182647338000.0,949600998000.0,990130778000.0,1027060706000.0,,-55659970000.0,1903150230000.0,,317237249000.0,,925426176000.0,245241632000.0,11375929985000.0,239565516000.0,-2267356000.0,,16747958505000.0,,-306784063000.0,4267362280000.0,115977000.0,-82936814000.0,22355790000.0,256069415000.0,3163105889000.0,2277728564000.0,-2183880068000.0,,2010076028000.0,40708790000.0,7823606915000.0,19295496150000.0,,,4183268771000.0,-77189514000.0,,3978276000.0,1332340268000.0,14544657872000.0,28263993000.0,,,-36929928000.0,-724185697000.0,,-15613222000.0,,,12880715867000.0,465506569000.0,,47027147000.0,,,2828277471000.0,955576901000.0,134915712000.0,23526307005000.0,184176671000.0,186825557000.0,13107764799000.0,2448256022000.0,,,,,40908204000.0,,-170527458000.0,352795777000.0,34902236990000.0,-2869713394000.0,3825850712000.0,20441346000.0,-9073204000.0,,3825850712000.0,-686640000.0,14376131000.0,2277728564000.0,6760472174000.0,1318592410000.0,777463928000.0,,,1439059338000.0,,,,-3692743179000.0,777347951000.0,,2737731397000.0,971956788000.0,-5076835855000.0,128363187000.0,,,11432067000.0,,,-177991965000.0,1193817706000.0,7899679470000.0,1320344958000.0,,343771441000.0,509535693000.0
hag,2014,2,,291328147000.0,6095407284000.0,,1940898405000.0,612640862000.0,,,,1368398114000.0,,,,223537663000.0,,706427015000.0,81783240000.0,-120657473000.0,171844701000.0,,-30785150000.0,,3544438784000.0,,173087337000.0,266954761000.0,307306663000.0,218603839000.0,,-109790806000.0,1957321262000.0,,3392332000.0,,201141760000.0,206584777000.0,10826577764000.0,157028332000.0,-639379000.0,,16003563754000.0,,-229539708000.0,3996383104000.0,984232000.0,-82936814000.0,18601472000.0,270350429000.0,3235573234000.0,1940898405000.0,-973631052000.0,,1921453496000.0,57277471000.0,5243675229000.0,18546222919000.0,,,3876205541000.0,-49706867000.0,,314136776000.0,848523901000.0,13660193063000.0,24459656000.0,,,88702824000.0,-511069575000.0,,-6394523000.0,,,12233326704000.0,407041387000.0,,60871855000.0,,-876141000.0,2601647294000.0,713540293000.0,188534557000.0,22077939585000.0,208359568000.0,423542780000.0,12450815635000.0,2448256022000.0,,,,,225433952000.0,,-507357617000.0,322026154000.0,32904517349000.0,-2618699032000.0,3176716269000.0,22389809000.0,-9073204000.0,,3176716269000.0,,14501141000.0,1940898405000.0,6524548703000.0,1331191300000.0,699353766000.0,,,1364680047000.0,,,,-2795660505000.0,698369534000.0,,1939496714000.0,285556233000.0,-3302372515000.0,144736716000.0,,,7957554000.0,,,-113157962000.0,1188880420000.0,7181546930000.0,202154060000.0,,326061940000.0,369081614000.0
hag,2014,1,,431016393000.0,4569077110000.0,,1429107363000.0,706901894000.0,,,,1399092626000.0,,,,196266423000.0,,399120352000.0,150378106000.0,-145551577000.0,-138446667000.0,,,,3544438784000.0,,161970319000.0,372024508000.0,399120352000.0,399874345000.0,,-129149526000.0,1967022876000.0,,4711265000.0,,162633797000.0,206413777000.0,9372877632000.0,77384272000.0,-7739309000.0,,15130846725000.0,,-2965107000.0,3803086735000.0,72212000.0,-170661078000.0,26741538000.0,181349565000.0,2461385237000.0,1429107363000.0,-329261701000.0,,1724594335000.0,57158094000.0,2981091935000.0,16922433372000.0,,,2647487028000.0,-42469032000.0,,8937883000.0,10677766000.0,13223420822000.0,16620400000.0,,,-753993000.0,-340914464000.0,,-3532921000.0,,,12146984349000.0,493751313000.0,,49074464000.0,,-317055000.0,2339066809000.0,421612526000.0,128080981000.0,21469607535000.0,216355951000.0,243009149000.0,12353356262000.0,2448256022000.0,,,,,9691876000.0,,-1019148659000.0,241614144000.0,30842485167000.0,-1487970888000.0,3750995880000.0,8093615000.0,,,3750995880000.0,,14626150000.0,1429107363000.0,5584755143000.0,1294698202000.0,924839918000.0,,,1026858304000.0,,,,-1367700952000.0,924767706000.0,,607268896000.0,398766046000.0,-2372017039000.0,101753364000.0,,,12877097000.0,,,-89634600000.0,820444527000.0,7181546930000.0,180534003000.0,,16033838000.0,191192927000.0
hag,2014,-1,,1226992890000.0,9257201508000.0,,978413817000.0,652932314000.0,1866.0,,,1593633310000.0,,,,508736004000.0,,1773234478000.0,81783240000.0,-545854900000.0,-473430237000.0,,,,3539078784000.0,,176380655000.0,1474256445000.0,1773234478000.0,1748809568000.0,,-229052284000.0,2084905558000.0,,319789280000.0,,1477819111000.0,463677182000.0,10112492524000.0,334181075000.0,149742906000.0,,17886241406000.0,,-474444498000.0,5145616089000.0,1239187000.0,,81759915000.0,284722381000.0,2885632734000.0,978413817000.0,,,2196215832000.0,44733270000.0,10846172358000.0,20978623959000.0,,-11047343000.0,6839582567000.0,-89958416000.0,334181075000.0,329842986000.0,1679373093000.0,14237727535000.0,82212779000.0,,,24424910000.0,-1528393473000.0,,-11975587000.0,,,11336584752000.0,1827338066000.0,,239958115000.0,,-5300196000.0,2696254404000.0,1120057735000.0,633831539000.0,26256371220000.0,158330299000.0,303364457000.0,11721422451000.0,2448256022000.0,,,,,305418076000.0,,-1469842205000.0,297208229000.0,36368863744000.0,-5808015049000.0,5381835672000.0,67475212000.0,,,5381835672000.0,-686640000.0,14251121000.0,978413817000.0,6670181680000.0,1261947607000.0,3055570143000.0,,,1538442661000.0,,8176000000.0,,-4447438540000.0,3054330956000.0,,4811603081000.0,1556016360000.0,-7130396235000.0,565216215000.0,,,14908992000.0,,,-36486525000.0,1074765479000.0,7899679470000.0,264517855000.0,,460400684000.0,848233213000.0
hag,2013,4,,332511806000.0,4946645676000.0,,2449630457000.0,653110628000.0,,,,1147589808000.0,,,,219010561000.0,,1019344511000.0,150378106000.0,-727156054000.0,187371392000.0,,,,3544438784000.0,,152606314000.0,295654577000.0,262522075000.0,230231551000.0,,-1381652367000.0,1834389446000.0,,14357514000.0,1052599770000.0,180083585000.0,203448669000.0,9698754741000.0,356729620000.0,-19659343000.0,,13899619378000.0,,-4294618679000.0,3622668433000.0,391933000.0,-170661078000.0,-39220640000.0,165944806000.0,2439841193000.0,2449630457000.0,-474164421000.0,,1466303880000.0,49074848000.0,11179375908000.0,16286206981000.0,,-17659045000.0,3129670372000.0,-286568242000.0,,53530155000.0,84480000000.0,12920899896000.0,10896511000.0,,,33272742000.0,-167166947000.0,,-23485599000.0,,,11127077857000.0,422621758000.0,,73344635000.0,,,2023439002000.0,965706174000.0,198122694000.0,20117243208000.0,216934477000.0,272677617000.0,11339561305000.0,2518419171000.0,,,,,20257413000.0,,-68788714000.0,210621851000.0,29815997949000.0,-5400635874000.0,3684245813000.0,25747481000.0,,,3684245813000.0,,14751160000.0,2449630457000.0,5053734881000.0,576479032000.0,755525497000.0,,,820662458000.0,,,,-4608178590000.0,755133564000.0,,5144475768000.0,256433937000.0,-6899962145000.0,107835975000.0,,,8240084000.0,,,-175815055000.0,617213789000.0,7181546930000.0,3714467156000.0,,163021146000.0,1983509482000.0
hag,2013,3,,215056147000.0,7245129174000.0,7130416000.0,1729525709000.0,774697841000.0,,,,2225361267000.0,,,,1953591099000.0,,756822436000.0,150378106000.0,-738625556000.0,-299130330000.0,,-6000000000.0,,3544438784000.0,,9730377000.0,235583315000.0,256820356000.0,264856457000.0,,-559804080000.0,3847979684000.0,,12460822000.0,1052599770000.0,309566141000.0,211930887000.0,15437372810000.0,277733410000.0,17141769000.0,,13043168077000.0,33136379000.0,-445227055000.0,3411821764000.0,307467000.0,-389966078000.0,2513667000.0,221303032000.0,4124406485000.0,1729525709000.0,-534851267000.0,,2909518807000.0,45630433000.0,7123517151000.0,18456765170000.0,,,3426614670000.0,-265138855000.0,,29604460000.0,,12909680132000.0,20631273000.0,,,-8036101000.0,-586313977000.0,,-22884577000.0,,,11080589050000.0,384246125000.0,,58625124000.0,,-232872000.0,2089469858000.0,941004469000.0,180509434000.0,16765354318000.0,225037771000.0,455106172000.0,11211635996000.0,2518419171000.0,,,,,37640561000.0,,-788893462000.0,450435624000.0,32202727128000.0,-3691226027000.0,,1581605000.0,,,,,14876170000.0,1721100993000.0,9259053687000.0,505162598000.0,599609739000.0,,,2713977487000.0,,,,-3619368807000.0,599302272000.0,,3201462895000.0,238096982000.0,-5007281512000.0,154496482000.0,,,7296187000.0,8424716000.0,,-27813501000.0,2508046600000.0,7181546930000.0,762254117000.0,,133506163000.0,960445747000.0
hag,2013,2,,323034312000.0,9329177534000.0,11826231000.0,2376477572000.0,811841946000.0,506.0,,,2372874474000.0,,,,1886325519000.0,,499760039000.0,150378106000.0,-428872519000.0,-262105184000.0,,-6000000000.0,,3544438784000.0,,10629825000.0,282645967000.0,392299613000.0,405965515000.0,,-421590461000.0,3970177325000.0,,938381000.0,1052599770000.0,498667201000.0,211930887000.0,16995850290000.0,220396273000.0,40864409000.0,,12385331959000.0,33136379000.0,-200969971000.0,3480021601000.0,3286162000.0,-389966078000.0,49281092000.0,345550813000.0,5084993918000.0,2376477572000.0,-506582938000.0,,2600435357000.0,47600677000.0,4937029376000.0,19367674324000.0,,,4689365357000.0,-161126408000.0,,23549995000.0,,12657733226000.0,41296595000.0,,,-13665902000.0,-1022798919000.0,,-16599096000.0,,,9906059405000.0,369086407000.0,,76307740000.0,,-3885926000.0,1856758061000.0,571802635000.0,298131663000.0,15984266649000.0,212841825000.0,628888004000.0,10038496790000.0,2518419171000.0,,,,,37215897000.0,,-141941599000.0,444399464000.0,32980116939000.0,-2810971467000.0,,19508145000.0,-53484000.0,,,,,2053173612000.0,10054417823000.0,521305007000.0,695406881000.0,,,2805358076000.0,,,,-2827344850000.0,692120719000.0,,2931135052000.0,331927059000.0,-3095736594000.0,233097780000.0,,,10194053000.0,323303960000.0,,-9790314000.0,2599427189000.0,7181546930000.0,607845794000.0,,115142117000.0,1226869898000.0
hag,2013,1,,339508038000.0,7849657135000.0,12739246000.0,2444249100000.0,615552482000.0,,,,2799706856000.0,,,,1953734063000.0,,107460426000.0,150378106000.0,-94852084000.0,-208671747000.0,,,,2880972568000.0,,15288863000.0,85691339000.0,107460426000.0,128613860000.0,,-258606789000.0,4470914824000.0,,,,62948986000.0,211930887000.0,15234297809000.0,83766472000.0,-36594123000.0,,13834955536000.0,33136379000.0,-29404914000.0,5448388731000.0,516905000.0,,37393359000.0,482436133000.0,1867961360000.0,2444249100000.0,,,3074252195000.0,53201089000.0,2082274934000.0,21731492395000.0,,,3446230168000.0,-36243000000.0,,16302303000.0,,9962345259000.0,46398276000.0,,,-21153434000.0,-384827186000.0,,-11242141000.0,,,13754159614000.0,382277420000.0,,67166277000.0,,-747329000.0,1582938540000.0,252920446000.0,160278611000.0,17515218907000.0,146359147000.0,873027450000.0,13881835260000.0,2518419171000.0,,,-389966078000.0,,37455737000.0,,-74170071000.0,427582697000.0,32749516716000.0,-957266535000.0,,20969851000.0,-53484000.0,,,,,1673601656000.0,7741173082000.0,616412309000.0,722302363000.0,,,2783879353000.0,,,,-1241687566000.0,721785458000.0,,1091768211000.0,123084698000.0,-989691409000.0,126622700000.0,,,3688857000.0,770647444000.0,,-2774166000.0,2571948466000.0,5373710490000.0,300000000000.0,,13825945000.0,326953173000.0
hag,2013,-1,,1196125934000.0,4959270788000.0,,2448256022000.0,653723575000.0,1315.0,,,1147188803000.0,,,,218383350000.0,,998503641000.0,150378106000.0,-738861795000.0,-2059788344000.0,,,,3544438784000.0,,152606314000.0,846072196000.0,998503641000.0,1044824781000.0,,-816730490000.0,1838005832000.0,,18769294000.0,1052599770000.0,1003102689000.0,203448669000.0,9740545267000.0,326449089000.0,-37681706000.0,,14146471120000.0,,-2245973876000.0,3623079264000.0,1727337000.0,-170661078000.0,125789457000.0,165941406000.0,2475449720000.0,2448256022000.0,-635277950000.0,,1470759027000.0,50557660000.0,11359721915000.0,16293243365000.0,,-2321608000.0,3129670372000.0,-286002969000.0,326449089000.0,79286971000.0,84480000000.0,12852649118000.0,125639028000.0,,,-46321140000.0,-216028438000.0,,-17779656000.0,,,11128674385000.0,1575093397000.0,,274660179000.0,,-317055000.0,1968963472000.0,960947003000.0,754104635000.0,20072633900000.0,90772161000.0,283617469000.0,11333972577000.0,2518419171000.0,,,,,125608111000.0,,-70163149000.0,210824812000.0,29813179167000.0,-3215187278000.0,3636154213000.0,64323694000.0,,,3636154213000.0,,14751160000.0,2448256022000.0,5093080495000.0,1199599753000.0,2772946668000.0,,,814896380000.0,,,,-4743278710000.0,2771219331000.0,,5204812473000.0,971861653000.0,-7019971447000.0,591863715000.0,,,8236685000.0,,,-109973491000.0,611447711000.0,7181546930000.0,4142429061000.0,-365737765000.0,163664903000.0,-835358508000.0
hag,2012,4,,407690707000.0,6725494540000.0,13652261000.0,2518419172000.0,701958256000.0,,,,2548112557000.0,,,,1767616593000.0,,532026224000.0,150226645000.0,-1403518707000.0,290408841000.0,,,,2880972568000.0,,10535055000.0,63048808000.0,56628647000.0,69707067000.0,,1508298990000.0,3684538694000.0,,43330028000.0,23481432000.0,29357686000.0,211930887000.0,13736225163000.0,203105543000.0,-108345287000.0,,13055704474000.0,33136379000.0,-541572353000.0,2918204633000.0,3247866000.0,,-36473510000.0,557573457000.0,1176434174000.0,2518419172000.0,,,3109829702000.0,53944951000.0,10475262693000.0,20474821678000.0,,-630354000.0,2505105942000.0,-623436953000.0,,25693368000.0,,9765253057000.0,73062988000.0,,,-13078420000.0,-590514261000.0,,-46451417000.0,,,13626405300000.0,1323000250000.0,,98740334000.0,,-2748050000.0,1504637693000.0,843362076000.0,195538004000.0,17562585604000.0,180133270000.0,699746928000.0,13749327138000.0,2896456731000.0,,,-389966078000.0,,38771788000.0,,-378037559000.0,551412269000.0,31298810767000.0,-5178010251000.0,,138398636000.0,-53484000.0,,,,,2518419172000.0,6831628383000.0,589874972000.0,1733938823000.0,,,3629519975000.0,,,,-5269183101000.0,1730690957000.0,,4509563851000.0,26575298000.0,-5987372774000.0,122949445000.0,,,1948988000.0,,,-207059376000.0,3417589088000.0,5373710490000.0,433025000000.0,,156390175000.0,809728489000.0
hag,2012,3,,394506928000.0,6319610880000.0,14565275000.0,1598460370000.0,695343198000.0,,,,2548133609000.0,,,,320451452000.0,,464998739000.0,81783240000.0,-375337026000.0,-133339604000.0,,,,2880972568000.0,,24010276000.0,96569112000.0,254893870000.0,270508148000.0,,717695685000.0,3861054865000.0,,43254670000.0,,78364200000.0,178384465000.0,11939133917000.0,164911095000.0,-52263477000.0,,11970213927000.0,25696963000.0,-69030890000.0,2578772904000.0,1583389000.0,,79959651000.0,466144012000.0,1171294861000.0,1598460370000.0,,,2230200377000.0,41289900000.0,7282287851000.0,17688177447000.0,,,3663806305000.0,-603767495000.0,,6976018000.0,,9681388675000.0,31628488000.0,,,-15614278000.0,116933300000.0,,-42284397000.0,,,11174495166000.0,2002246281000.0,,37251307000.0,,-2947688000.0,1432472809000.0,632455294000.0,133483185000.0,16222008386000.0,146579545000.0,746844748000.0,11368566567000.0,2896456731000.0,,,-387900676000.0,,22590296000.0,,-1297996361000.0,451154283000.0,28161142303000.0,-4391232445000.0,,130628584000.0,-53484000.0,,,,,1598460370000.0,5946681159000.0,418822407000.0,2398336598000.0,,,3536612311000.0,,,,-4959741083000.0,2396753209000.0,,3226575688000.0,176528763000.0,-4061585431000.0,100209334000.0,,,12563594000.0,,,-53624108000.0,3358227846000.0,5373710490000.0,430002018000.0,,164282840000.0,-525410857000.0
hag,2012,2,,126093845000.0,6498725154000.0,15468916000.0,2579789557000.0,761150560000.0,,,,2170849293000.0,,,,1606793439000.0,,210526886000.0,81783240000.0,-158169445000.0,-121570089000.0,,,,2880972568000.0,,24219840000.0,104532795000.0,111900601000.0,138569761000.0,,-554763902000.0,5146025922000.0,,16497256000.0,,301135233000.0,178384465000.0,13901390245000.0,89249651000.0,-107061142000.0,,10360599657000.0,23924704000.0,-47873140000.0,2500801741000.0,315393000.0,,-25263399000.0,227886588000.0,1275068563000.0,2579789557000.0,,,2293206423000.0,45956334000.0,6187876645000.0,18143217899000.0,,,3041674970000.0,-593603565000.0,,30717986000.0,,9575486800000.0,31812768000.0,,,-26669160000.0,825642721000.0,,-29806888000.0,,,11450896700000.0,190732875000.0,,59259181000.0,,-2947688000.0,1338284624000.0,190783969000.0,197587368000.0,14534855307000.0,151886281000.0,559581812000.0,11644492745000.0,2896456731000.0,,,-387900676000.0,,57387146000.0,,-316667174000.0,357614935000.0,28436245552000.0,-3060062204000.0,,139692347000.0,-53484000.0,,,,,2579789557000.0,5736176591000.0,386895443000.0,317142113000.0,,,3483021247000.0,,,,-3608751079000.0,316826720000.0,,2864965119000.0,79269396000.0,-3321104026000.0,140273116000.0,,,7356230000.0,,,-44372404000.0,3304636782000.0,5373710490000.0,430002018000.0,,150062741000.0,242719425000.0
hag,2012,1,,251811660000.0,7185617877000.0,16386617000.0,1687406551000.0,929965708000.0,,,,2664186228000.0,,,,1279520118000.0,,98626285000.0,97356499000.0,-85435996000.0,-296187065000.0,,,,2880972568000.0,,24194810000.0,78490609000.0,98626285000.0,119706586000.0,,-258251319000.0,4676558745000.0,,13926597000.0,,89550047000.0,178361483000.0,13084330604000.0,40500470000.0,-40395809000.0,,8763911728000.0,23924704000.0,,2033352294000.0,979244000.0,,-1672978000.0,546667748000.0,1217880199000.0,1687406551000.0,,,2341606943000.0,39581933000.0,1947061313000.0,16177137089000.0,,,3494998604000.0,-151533021000.0,,23668027000.0,,9486043160000.0,32647215000.0,,,-21080301000.0,-120080297000.0,,-28880070000.0,,,8699560621000.0,618569267000.0,,49013239000.0,,-2947688000.0,1945600500000.0,171773271000.0,139994667000.0,13228570922000.0,120525549000.0,535183562000.0,8991519212000.0,2896456731000.0,,,-387900676000.0,,44748328000.0,,-1209050180000.0,402283127000.0,26312901526000.0,-1480752978000.0,,62204463000.0,-53484000.0,,,,,1687406551000.0,6220725682000.0,383072810000.0,871360171000.0,,,3761135931000.0,,,,-1568510387000.0,870380927000.0,,567889863000.0,76817631000.0,-1378301139000.0,121837702000.0,,,310749000.0,,,-56419166000.0,3582774448000.0,4672805900000.0,,,73830812000.0,232639533000.0
hag,2012,-1,,1200565703000.0,6724316152000.0,13652261000.0,2518419171000.0,695516850000.0,651.0,,,2536387793000.0,,,,1766346329000.0,,524888766000.0,150378106000.0,-335461063000.0,940444484000.0,,,,2880972568000.0,,10450410000.0,349964246000.0,524888766000.0,613792428000.0,,1157824831000.0,4265374475000.0,,27992372000.0,,502050048000.0,,14309403742000.0,224663248000.0,-279776210000.0,211930887000.0,13051403085000.0,33136379000.0,-608540291000.0,2907046483000.0,5039250000.0,-389966078000.0,15273829000.0,557797665000.0,1354726410000.0,2518419171000.0,,,3093883253000.0,53944944000.0,10461022378000.0,20461252831000.0,,-210263000.0,2517411756000.0,-623468952000.0,224663248000.0,62765153000.0,,9753290246000.0,166818625000.0,,,-89898532000.0,-448947168000.0,,-46183043000.0,,,13614099486000.0,3193911944000.0,,244769554000.0,,-2748050000.0,1497302701000.0,935763197000.0,677235144000.0,16975423677000.0,180126133000.0,724197822000.0,13736936679000.0,2896456731000.0,,,,,152663685000.0,,-378037560000.0,392982584000.0,31284827419000.0,-5833197257000.0,,439426901000.0,-53484000.0,,,,,2194323765000.0,6982249406000.0,581286912000.0,4399516897000.0,,,3054499013000.0,,,,-5897608163000.0,4394477647000.0,,4514715213000.0,365238075000.0,-5968183382000.0,494957341000.0,,,1948988000.0,324095406000.0,,-198883059000.0,2842568126000.0,5373710490000.0,435070000000.0,,209888825000.0,499799741000.0
hag,2011,4,,437572586000.0,6869894597000.0,17304319000.0,2893541410000.0,796295347000.0,480000.0,,,2446396031000.0,,,,1381751830000.0,,1706205551000.0,97356499000.0,-719444562000.0,-376775943000.0,,,,2880972568000.0,,24145810000.0,224342072000.0,350505861000.0,347120024000.0,,-216151807000.0,4422965844000.0,,48588536000.0,582568781000.0,88392173000.0,178554393000.0,13303193163000.0,135179264000.0,32105154000.0,,7859162489000.0,23924704000.0,-1075506002000.0,1931551972000.0,235942000.0,,41312039000.0,747096694000.0,1098830734000.0,2893541410000.0,-388658112000.0,,1999265586000.0,46924113000.0,9555137544000.0,15512146169000.0,,-25358710000.0,3262509959000.0,-183133767000.0,,40872674000.0,,9384521735000.0,16841619000.0,,,3385837000.0,-419091727000.0,,-67819875000.0,,,8366117129000.0,669969239000.0,,76250380000.0,,-1597595000.0,1842610246000.0,1083727593000.0,85752736000.0,12217043903000.0,121184361000.0,437289152000.0,8642251572000.0,3006094659000.0,,,-364329025000.0,,37486837000.0,,-112553249000.0,346434654000.0,25520237066000.0,-5783764120000.0,,52746596000.0,-53484000.0,,,,,2893541410000.0,5542894756000.0,278444201000.0,1107777767000.0,,,3758986760000.0,,,,-5438619328000.0,1107541825000.0,,6047986814000.0,265654111000.0,-4089719511000.0,52938205000.0,,,6933815000.0,,,148806722000.0,3580432367000.0,4672805900000.0,701487179000.0,,368943607000.0,-3668520000.0
hag,2011,3,,632137696000.0,7192062952000.0,18222021000.0,3150298210000.0,589348710000.0,627000.0,,,2594657984000.0,,,,2488693908000.0,,,81783240000.0,-447761266000.0,9946226000.0,,,,2880972568000.0,,23193798000.0,293074385000.0,1355699690000.0,464275597000.0,,-422693009000.0,4706130501000.0,,10721012000.0,,182175703000.0,194749353000.0,14075800103000.0,105699836000.0,69291227000.0,,6975871209000.0,20135782000.0,-1090459595000.0,1835074615000.0,482187000.0,,46684709000.0,625814890000.0,1366230814000.0,3150298210000.0,-364548009000.0,,1826423816000.0,30126320000.0,7215185281000.0,15550248790000.0,,-33748509000.0,2761855238000.0,-175368175000.0,,26168900000.0,,9125877713000.0,68500975000.0,,,-2478680000.0,-402619014000.0,,-56010884000.0,,,7978364655000.0,751092953000.0,,43046923000.0,,-1158438000.0,1568362551000.0,739895063000.0,238489904000.0,11269267979000.0,120602778000.0,452454490000.0,8358185838000.0,3588663440000.0,,,-362985026000.0,,28647580000.0,,-438365230000.0,351433976000.0,25345068082000.0,-5033807838000.0,,52746596000.0,-53484000.0,,,,,3150298210000.0,5786154176000.0,289909454000.0,1383712836000.0,,,3783827077000.0,,,,-4423015856000.0,1383230649000.0,,4585496382000.0,339759094000.0,-2629688899000.0,226796941000.0,,,26981416000.0,,,126739446000.0,3589077724000.0,4672805900000.0,566987179000.0,,266507431000.0,647764065000.0
hag,2011,2,,13467544000.0,6712872834000.0,19139723000.0,3123568302000.0,705854911000.0,,,,1808194318000.0,,,,2507207192000.0,,,81783240000.0,-136554521000.0,-1098604239000.0,,,,2880972568000.0,,23650416000.0,240251328000.0,893902773000.0,312828755000.0,,-628354110000.0,4541984540000.0,,,5515206000.0,510025451000.0,30931029000.0,13083429431000.0,65725022000.0,-66085395000.0,,5939052521000.0,25432066000.0,-1137965573000.0,1770272360000.0,302930000.0,,1576279000.0,612008042000.0,1188685329000.0,3123568302000.0,,,2028295225000.0,26350091000.0,4625492835000.0,13515683690000.0,,-25120800000.0,2176775629000.0,-50255395000.0,,442821000.0,,8863089772000.0,28325133000.0,,,-12657945000.0,-777204985000.0,,-48749180000.0,,,6473951582000.0,33356275000.0,,62988792000.0,,-1158438000.0,1310007061000.0,235415572000.0,119350315000.0,10025563028000.0,120599133000.0,422260933000.0,6802810856000.0,3588663440000.0,,,-363065578000.0,,13100766000.0,,-465095138000.0,312076915000.0,23108992459000.0,-1962019659000.0,,124428598000.0,-53484000.0,,,,,3123568302000.0,5024016434000.0,410281287000.0,47126749000.0,,,3595239626000.0,,,,-1471604313000.0,46823819000.0,,2595528760000.0,241827607000.0,-2035479281000.0,92539074000.0,,,18082003000.0,,,38974522000.0,3564308597000.0,4672805900000.0,565492832000.0,,82057395000.0,268123858000.0
hag,2011,1,,343694851000.0,6715118300000.0,15183258000.0,2489107241000.0,650561159000.0,875000.0,,,2530494020000.0,,,,1562142445000.0,,,81783240000.0,-42533071000.0,-354573028000.0,,,,2880972568000.0,,23725685000.0,370647908000.0,593731963000.0,595021421000.0,,-131345221000.0,3997235871000.0,,916292000.0,,434975337000.0,30931029000.0,11781429557000.0,32550241000.0,-22577070000.0,,5061898445000.0,21097967000.0,-755433810000.0,1449393722000.0,92079000.0,,68954966000.0,638147336000.0,581331440000.0,2489107241000.0,,,1772424591000.0,28685311000.0,1475168613000.0,10542329885000.0,,,2920583089000.0,-18567600000.0,,8493080000.0,,8909466852000.0,37650091000.0,,,-1289458000.0,-532475443000.0,,-76613390000.0,,,3301281711000.0,373411137000.0,,49937268000.0,,-1158438000.0,1341314668000.0,287202529000.0,96061408000.0,8504927805000.0,120790940000.0,568646381000.0,3827211585000.0,3588663440000.0,,,-362985026000.0,,9782538000.0,,-1099556199000.0,330211592000.0,20286357362000.0,-1092046986000.0,,176706159000.0,-53484000.0,,,,,2489107241000.0,4883091613000.0,239051537000.0,717198067000.0,,,3119542584000.0,,,,-612439713000.0,717105988000.0,,347063815000.0,439602874000.0,-1128104798000.0,93356048000.0,,,28001030000.0,,,-7023924000.0,3088611555000.0,4672805900000.0,200000000000.0,,74910245000.0,166783092000.0
hag,2011,-1,,1423952187000.0,6778370609000.0,17304319000.0,2896456731000.0,742270498000.0,2500.0,,,2441978920000.0,,-3193250000.0,,1380670851000.0,,,97356499000.0,-312687688000.0,-993767794000.0,,,,2880972568000.0,,23236026000.0,1167983801000.0,1701895110000.0,1719438269000.0,,-466656754000.0,4448617080000.0,,31246169000.0,591763519000.0,1226990002000.0,178361483000.0,13308282830000.0,135518570000.0,-165555355000.0,,7882986728000.0,23924704000.0,-1297079925000.0,1925771122000.0,1853970000.0,,157333971000.0,713158146000.0,1063293721000.0,2896456731000.0,-324500000000.0,,2014657045000.0,47756874000.0,10269426024000.0,15493289136000.0,,-16492549000.0,3201903706000.0,-186868807000.0,135518570000.0,44233778000.0,,9398582988000.0,163985523000.0,,,-17543159000.0,-457785761000.0,,-71132387000.0,,,8423895345000.0,1726299628000.0,,230515584000.0,,-2947688000.0,1867109891000.0,1154149892000.0,537002813000.0,12268228916000.0,120741616000.0,450693971000.0,8714918527000.0,3006094659000.0,,,-389966078000.0,,61776937000.0,,-109637928000.0,348870522000.0,25576511746000.0,-5299485847000.0,,542132693000.0,-53484000.0,,,,,2896456731000.0,5516981998000.0,304759236000.0,3152105785000.0,,,3758363401000.0,,,,-4812909891000.0,3150251815000.0,,6183615713000.0,1325317772000.0,-4674380580000.0,464848591000.0,,,4766375000.0,,,123546643000.0,3580001918000.0,4672805900000.0,763005652000.0,,340752148000.0,-776332932000.0
hag,2010,4,,791172381000.0,4908006153000.0,14284184000.0,3588663440000.0,736661496000.0,1821.0,,,2785902169000.0,,,,3519158000.0,,3017409637000.0,81783240000.0,-182832931000.0,446264948000.0,,,,3504012140000.0,,23718851000.0,538310603000.0,800354613000.0,808182128000.0,,196925563000.0,2848965731000.0,,6109407000.0,1339754093000.0,176778159000.0,30931029000.0,11085919707000.0,78723612000.0,101427998000.0,,4414295004000.0,21480614000.0,-1496226774000.0,1401270498000.0,88034000.0,,33535063000.0,491200946000.0,328293202000.0,3588663440000.0,,,1249025710000.0,22396669000.0,5142574833000.0,8699073179000.0,,-15911337000.0,2856363146000.0,-286178589000.0,,6892260000.0,1691966557000.0,9213323493000.0,41990192000.0,,,-7827515000.0,-1372344876000.0,,-81984889000.0,,,3022120970000.0,652885143000.0,,45870330000.0,,-1158438000.0,2661835885000.0,2029658690000.0,71907890000.0,7690307236000.0,115360179000.0,471955163000.0,3791067026000.0,1944228950000.0,,,-346885112000.0,,14719775000.0,,1644434490000.0,204444653000.0,18776226943000.0,-1937555324000.0,,127080949000.0,-53484000.0,,,,,3588663440000.0,4362062643000.0,195803063000.0,1444145558000.0,,,3001290028000.0,,,,-2307174811000.0,1444057524000.0,,3135724866000.0,571845666000.0,-3054595653000.0,60499211000.0,,,737960000.0,,,-41440335000.0,2970358999000.0,3115206970000.0,,-292008407000.0,167770297000.0,184462315000.0
hag,2010,3,,210324336000.0,4443688251000.0,7551819000.0,2192592098000.0,599667761000.0,2013000.0,,,1992224916000.0,,,,24256613000.0,,2217055024000.0,81783240000.0,-151233185000.0,404369838000.0,,,,2384349746000.0,,24371562000.0,587820974000.0,816137815000.0,813801234000.0,,-4343540000.0,2942587923000.0,,38426408000.0,,724158239000.0,30931029000.0,9162579866000.0,47135516000.0,10312651000.0,,3854267988000.0,,,817724039000.0,398697000.0,,38649161000.0,438816858000.0,544655601000.0,2192592098000.0,-1022761398000.0,,1169192419000.0,20810339000.0,3521253776000.0,7891893803000.0,,-8944344000.0,2351199524000.0,-184946066000.0,,33751780000.0,1493593598000.0,7182183364000.0,28905980000.0,,,2336581000.0,-757328318000.0,,-69098039000.0,,,2741853006000.0,363584558000.0,,43759316000.0,,-1029023000.0,2079858048000.0,1324212243000.0,48016045000.0,6780337063000.0,114363611000.0,692905728000.0,3448205552000.0,1944228950000.0,,,-392133835000.0,,31415199000.0,,248363148000.0,240572692000.0,15942916929000.0,-1166545877000.0,,179355029000.0,-512594000.0,,,-30091699000.0,,2192592098000.0,3705043913000.0,208748045000.0,574307591000.0,,,2717321030000.0,,,,-1753762395000.0,573908894000.0,,1010539187000.0,626470135000.0,-2218706182000.0,45681265000.0,,,339393000.0,,,-40480788000.0,2686390001000.0,2925206970000.0,,-292008407000.0,77957910000.0,287587531000.0
hag,2010,2,,674163003000.0,3826612234000.0,,1224546617000.0,585619229000.0,,,,2221381708000.0,,,,61955021000.0,,,81783240000.0,,,,,,2384349746000.0,,23632110000.0,396837399000.0,703963066000.0,695473543000.0,,,2791479502000.0,,,,157931100000.0,30907348000.0,8262292509000.0,,101852936000.0,,3334868205000.0,,,810000206000.0,1010484000.0,,114446100000.0,336563864000.0,554395790000.0,,,,1195809057000.0,22061037000.0,,7075632286000.0,,,1757126720000.0,,,22160891000.0,,6905980574000.0,31266209000.0,,,3681073000.0,,,,,,2559554069000.0,640106789000.0,,49437620000.0,,-1029023000.0,1845429193000.0,,55916731000.0,6205765366000.0,108954003000.0,740169452000.0,3249020052000.0,,,,-399649745000.0,,18479818000.0,,,193925618000.0,14468057875000.0,,,90826631000.0,-512594000.0,,,-30091699000.0,,1224546617000.0,3970557532000.0,189193593000.0,1315280276000.0,,,2681703568000.0,,,,,1314269792000.0,,,511283499000.0,,53741249000.0,,,6580640000.0,,,,2650796220000.0,2925206970000.0,,,,
hag,2010,1,,616442979000.0,4489258592000.0,,1345533525000.0,171065967000.0,1887000.0,,,2194011427000.0,,,,53025371000.0,,,81783240000.0,,,,,,1223971061000.0,,23784650000.0,509460757000.0,696954143000.0,703262103000.0,,,2099128173000.0,,,,197233089000.0,70098898000.0,8081862710000.0,,111140348000.0,,2802672483000.0,,,740121120000.0,4593929000.0,,28953855000.0,256736070000.0,738139311000.0,,,,1447564963000.0,19738002000.0,,7306048129000.0,,,3140293281000.0,,,4122219000.0,,5137057762000.0,30869569000.0,,,-6307960000.0,,,,,,2197186137000.0,576198427000.0,,42637303000.0,,-1029023000.0,1486750996000.0,,36907093000.0,4794376387000.0,109088075000.0,660920581000.0,2816789537000.0,,,,-410353517000.0,,10430179000.0,,,176731094000.0,12876239097000.0,,,47399183000.0,-512594000.0,,,-30091699000.0,,1345533525000.0,4378686678000.0,204974174000.0,1197235335000.0,,,1786729730000.0,,,,,1192641406000.0,,,538414612000.0,,35451633000.0,,,5523660000.0,,,,1716630832000.0,2704654580000.0,,,,
hag,2010,-1,,2292102699000.0,5196037015000.0,14284184000.0,3588663440000.0,667296812000.0,4903.0,,,2785902169000.0,,,,3519158000.0,,3017409637000.0,81783240000.0,-192430264000.0,294440641000.0,,,,3504012140000.0,,23718851000.0,2093579117000.0,3017409637000.0,3014320209000.0,,23112270000.0,2994763147000.0,,10163800000.0,757185312000.0,1262054448000.0,30931029000.0,11231717123000.0,77419079000.0,275901587000.0,,4409784787000.0,21480614000.0,-1350429358000.0,1401270498000.0,1591144000.0,,128497729000.0,491200946000.0,328293202000.0,3006094659000.0,,,1249025710000.0,22396670000.0,5142574833000.0,8747042721000.0,,-19594467000.0,3092741335000.0,-286345194000.0,77419079000.0,21835172000.0,,9158714963000.0,133031950000.0,,,551709000.0,-1372344876000.0,,-81818284000.0,,,2782059650000.0,2232774917000.0,,190206122000.0,,-1158438000.0,2623974821000.0,2034056219000.0,216598866000.0,7539999603000.0,115360179000.0,524740496000.0,3551005706000.0,1944228950000.0,,,-363632578000.0,,21283463000.0,,1061865709000.0,204444653000.0,18771716726000.0,-1785731017000.0,,519431204000.0,-53484000.0,,,,,3588663440000.0,4362062643000.0,195803063000.0,4526468760000.0,,,2855492612000.0,,,,-2302664594000.0,4524877616000.0,,2553156085000.0,2222076846000.0,-3054595653000.0,204970691000.0,,,,,,-41440335000.0,2824561583000.0,3115206970000.0,1691966557000.0,-292008407000.0,165232578000.0,211651105000.0
hag,2009,4,,453772927000.0,3644842290000.0,,1944228950000.0,197537916000.0,,,,1694730505000.0,,,,44397490000.0,,,157571210000.0,,,,,,1223971061000.0,,23992393000.0,331651192000.0,491466617000.0,486157928000.0,,,2213150611000.0,,,,152321962000.0,69098898000.0,7403555092000.0,,10146871000.0,,2517309488000.0,,,671688850000.0,597551000.0,,18426321000.0,265774014000.0,392823227000.0,,,,870124080000.0,17811136000.0,,7068556748000.0,,,2341797773000.0,,,11710121000.0,,4711500209000.0,20256594000.0,,,5308689000.0,,,,,,2898707163000.0,633826440000.0,,46409872000.0,,-1563925000.0,1084004248000.0,,53270495000.0,4792656182000.0,94463918000.0,644983946000.0,3423714458000.0,,,,-399237919000.0,,6401432000.0,,,132490434000.0,12196211274000.0,,,131242233000.0,-512594000.0,,,-30091699000.0,,1944228950000.0,2956113887000.0,213900694000.0,1088196918000.0,,,2061446000000.0,,16585345000.0,,,1087599367000.0,,,350077513000.0,,52296900000.0,,,36986000.0,,,,1992347102000.0,2704654580000.0,,,,
hag,2009,3,,598502310000.0,2769147608000.0,,597202369000.0,,1807000.0,,,,,,,,,,,,,,,,1762821336000.0,,,320474203000.0,480547250000.0,478827289000.0,,,2109678817000.0,,,,11500520000.0,,5340035352000.0,,,,2360275120000.0,,,811439909000.0,2364289000.0,,22185675000.0,,,,,,,,,5287438513000.0,,,,,,3935641000.0,,4545773725000.0,42034060000.0,,,1719961000.0,,,,,,,631352838000.0,,40074299000.0,,,1252761123000.0,,49067182000.0,4906125411000.0,86972208000.0,,2518290905000.0,,,,-287054990000.0,,2215680000.0,,,150039963000.0,10246160763000.0,,,137887376000.0,,,,-30091699000.0,,,2483114203000.0,229200825000.0,1232219437000.0,,,2316649466000.0,,13057854000.0,,,1229855148000.0,,,342659874000.0,,,,,,,,,,1798145010000.0,,,,
hag,2009,2,,475479099000.0,2255181929000.0,,548722343000.0,285920045000.0,1682.0,,,1437149173000.0,,,,156890804000.0,,,,,,,,,1840361593000.0,,3953076000.0,297528695000.0,412109996000.0,383403044000.0,,,2095497206000.0,,,,23287056000.0,209613517000.0,4990491440000.0,,90930267000.0,,2027440029000.0,,,712050873000.0,162572000.0,,23651034000.0,43610477000.0,291839435000.0,,,,429404047000.0,10297660000.0,,5081961020000.0,,,970855405000.0,,,30723253000.0,,3981657333000.0,28243508000.0,,,28706952000.0,,,,,,2424443122000.0,663093379000.0,,39660670000.0,,-1102594000.0,932286922000.0,,47458933000.0,4462601396000.0,86725053000.0,334362509000.0,2826779091000.0,,,,-280765140000.0,,2016301000.0,,,188981830000.0,9453092836000.0,,,,-300480000.0,,,-358071670000.0,,548722343000.0,2157290061000.0,230947070000.0,1138735050000.0,,,2204214297000.0,,17390698000.0,,,1138572478000.0,,,321179729000.0,,44414225000.0,,,554447000.0,,,,1994600780000.0,1798145010000.0,,,,
hag,2009,1,,479007388000.0,2554935714000.0,,456243436000.0,216351651000.0,,,,815784713000.0,,,,50020359000.0,,,,,,,,,1559596453000.0,,4073584000.0,239199174000.0,359380461000.0,373385066000.0,,,2091547305000.0,,,,12272230000.0,204587038000.0,4450238978000.0,,85677565000.0,,1795978564000.0,,,625605363000.0,1818621000.0,,33782397000.0,193813728000.0,412995890000.0,,,,510222866000.0,42585316000.0,,4835845602000.0,,,923381499000.0,,,2092897000.0,,3692305437000.0,17989274000.0,,,-14004605000.0,,,,,,1969769126000.0,430274340000.0,,36271383000.0,,-212592000.0,634758226000.0,,63633895000.0,4573792839000.0,113075696000.0,482113634000.0,2280909888000.0,,,,,,16097502000.0,,,163657360000.0,9024031817000.0,,,721325000.0,-300480000.0,,,-327979971000.0,,456243436000.0,1738790877000.0,409673571000.0,911100349000.0,,,2368140704000.0,,19544193000.0,,,909281728000.0,,,272981571000.0,,63345969000.0,,,305439000.0,,,,2163553666000.0,1798145010000.0,,,,
hag,2009,-1,,2006761724000.0,4294842290000.0,,1944228950000.0,197537916000.0,4432.0,,,1694730505000.0,,,,44397490000.0,,1743504324000.0,157571210000.0,-189041621000.0,1083310772000.0,,,,1223971061000.0,,23992393000.0,1188853263000.0,1743504324000.0,1716631067000.0,,-168204732000.0,2213150611000.0,,32965491000.0,248393276000.0,194239508000.0,69098898000.0,7403555092000.0,159105686000.0,246651627000.0,,2517309488000.0,,-568353883000.0,671688850000.0,4943033000.0,,98045423000.0,265774014000.0,392823227000.0,1944228950000.0,,,870124080000.0,17811136000.0,4720800925000.0,7068556748000.0,,,2991797773000.0,-212869539000.0,159105686000.0,48461912000.0,134000000000.0,4711500209000.0,108523436000.0,,,21730997000.0,-339054195000.0,,-26879395000.0,,,2248707163000.0,2358546997000.0,-30091699000.0,162416224000.0,,-1563925000.0,1084004248000.0,1914581017000.0,213430505000.0,4792656182000.0,94463918000.0,644983946000.0,2773714458000.0,531085394000.0,,,-399237919000.0,,26730915000.0,,1413143556000.0,132490434000.0,12196211274000.0,-1672919602000.0,,209954011000.0,-512594000.0,,,-30091699000.0,,1944228950000.0,2956113887000.0,213900694000.0,4370251754000.0,,,2061446000000.0,,16585345000.0,,-1357528506000.0,4365308721000.0,,2002752386000.0,1286898686000.0,-2577048046000.0,207443514000.0,,,36986000.0,,,66934106000.0,1992347102000.0,2704654580000.0,,-359302070000.0,85997296000.0,37845131000.0
hag,2008,-1,,890112814000.0,2535177690000.0,,531085394000.0,373885772000.0,,,,719302322000.0,,,,98426140000.0,,1006158258000.0,,-195474116000.0,-539274898000.0,,,,1559596453000.0,,4318682000.0,700304969000.0,1006158258000.0,1032472151000.0,,-482062946000.0,1852154407000.0,,127905319000.0,,438618705000.0,199067441000.0,4524792761000.0,108998192000.0,87134691000.0,,1870421130000.0,,-778089748000.0,613167958000.0,4401358000.0,,65037809000.0,152269861000.0,607452842000.0,53108581000.0,,,658867521000.0,31555135000.0,2695583825000.0,4672353582000.0,,2082336000.0,1203108474000.0,-149057733000.0,108998192000.0,12717959000.0,,3747497350000.0,75252461000.0,,,-26313893000.0,-520253236000.0,,-29882347000.0,,,1893643583000.0,990631593000.0,-327979971000.0,125208964000.0,,-812592000.0,665280804000.0,783962011000.0,95797943000.0,4346767572000.0,111884361000.0,367849188000.0,2137175892000.0,1290907575000.0,,,,,39031852000.0,,-762476936000.0,156742867000.0,8871560333000.0,-1683471183000.0,,153680790000.0,-300480000.0,,,-327979971000.0,,531085394000.0,1984810093000.0,385609302000.0,1885145765000.0,,,2090737140000.0,,18569476000.0,,-1056650067000.0,1880744407000.0,,1460269145000.0,765342778000.0,-1061691238000.0,88500954000.0,,,,,,-96993404000.0,1891669699000.0,1798145010000.0,,-1122000.0,23363313000.0,150486873000.0
